create table if not exists analytics (
        id bigint generated by default as identity,
        comments_count integer not null,
        engaged_count integer not null,
        follows_count integer not null,
        posts_count integer not null,
        reached_count integer not null,
        save_count integer not null,
        shares_count integer not null,
        stories_count integer not null,
        social_account_id bigint,
        primary key (id)
    );

 create table if not exists social_media_account (
        id bigint generated by default as identity,
        followers_count integer not null,
        following_count integer not null,
        platform varchar(255),
        posts_count integer not null,
        user_id bigint,
        primary key (id)
    );

create table if not exists tb_users (
        id bigint generated by default as identity,
        bio varchar(255),
        category varchar(255),
        contact_options varchar(255),
        links varchar(255),
        name varchar(255),
        primary key (id)
    );

--insert dummy data
INSERT INTO tb_users (id, name, category, bio, contact_options, links)
VALUES (1, 'John Doe', 'Influencer', 'Bio of John Doe', 'email@example.com', 'https://example.com');
INSERT INTO tb_users (id, name, category, bio, contact_options, links)
VALUES (2, 'Ryan', 'Actor', 'Bio of Ryan', 'ryan@example.com', 'https://example.com/ryan');

INSERT INTO tb_users (id, name, category, bio, contact_options, links)
VALUES (3, 'Alice Smith', 'Musician', 'Bio of Alice Smith', 'alice@example.com', 'https://example.com/alice');
INSERT INTO tb_users (id, name, category, bio, contact_options, links)
VALUES (4, 'Bob Brown', 'Artist', 'Bio of Bob Brown', 'bob@example.com', 'https://example.com/bob');
INSERT INTO tb_users (id, name, category, bio, contact_options, links)
VALUES (5, 'Charlie Davis', 'Chef', 'Bio of Charlie Davis', 'charlie@example.com', 'https://example.com/charlie');
INSERT INTO tb_users (id, name, category, bio, contact_options, links)
VALUES (6, 'Diana Evans', 'Photographer', 'Bio of Diana Evans', 'diana@example.com', 'https://example.com/diana');
INSERT INTO tb_users (id, name, category, bio, contact_options, links)
VALUES (7, 'Ethan Foster', 'Writer', 'Bio of Ethan Foster', 'ethan@example.com', 'https://example.com/ethan');
INSERT INTO tb_users (id, name, category, bio, contact_options, links)
VALUES (8, 'Fiona Green', 'Dancer', 'Bio of Fiona Green', 'fiona@example.com', 'https://example.com/fiona');
INSERT INTO tb_users (id, name, category, bio, contact_options, links)
VALUES (9, 'George Harris', 'Comedian', 'Bio of George Harris', 'george@example.com', 'https://example.com/george');
INSERT INTO tb_users (id, name, category, bio, contact_options, links)
VALUES (10, 'Hannah Jones', 'Fashion Designer', 'Bio of Hannah Jones', 'hannah@example.com', 'https://example.com/hannah');
INSERT INTO tb_users (id, name, category, bio, contact_options, links)
VALUES (11, 'Ian King', 'Fitness Trainer', 'Bio of Ian King', 'ian@example.com', 'https://example.com/ian');
INSERT INTO tb_users (id, name, category, bio, contact_options, links)
VALUES (12, 'Jack Lee', 'Gamer', 'Bio of Jack Lee', 'jack@example.com', 'https://example.com/jack');
INSERT INTO tb_users (id, name, category, bio, contact_options, links)
VALUES (13, 'Karen Martinez', 'Painter', 'Bio of Karen Martinez', 'karen@example.com', 'https://example.com/karen');
INSERT INTO tb_users (id, name, category, bio, contact_options, links)
VALUES (14, 'Leo Nelson', 'Producer', 'Bio of Leo Nelson', 'leo@example.com', 'https://example.com/leo');
INSERT INTO tb_users (id, name, category, bio, contact_options, links)
VALUES (15, 'Mia Owens', 'Vlogger', 'Bio of Mia Owens', 'mia@example.com', 'https://example.com/mia');
INSERT INTO tb_users (id, name, category, bio, contact_options, links)
VALUES (16, 'Nina Parker', 'Podcaster', 'Bio of Nina Parker', 'nina@example.com', 'https://example.com/nina');
INSERT INTO tb_users (id, name, category, bio, contact_options, links)
VALUES (17, 'Oscar Quinn', 'Filmmaker', 'Bio of Oscar Quinn', 'oscar@example.com', 'https://example.com/oscar');
INSERT INTO tb_users (id, name, category, bio, contact_options, links)
VALUES (18, 'Paul Roberts', 'Entrepreneur', 'Bio of Paul Roberts', 'paul@example.com', 'https://example.com/paul');
INSERT INTO tb_users (id, name, category, bio, contact_options, links)
VALUES (19, 'Quinn Smith', 'Motivational Speaker', 'Bio of Quinn Smith', 'quinn@example.com', 'https://example.com/quinn');
INSERT INTO tb_users (id, name, category, bio, contact_options, links)
VALUES (20, 'Rachel Taylor', 'Blogger', 'Bio of Rachel Taylor', 'rachel@example.com', 'https://example.com/rachel');
INSERT INTO tb_users (id, name, category, bio, contact_options, links)
VALUES (21, 'Samuel Upton', 'Photographer', 'Bio of Samuel Upton', 'samuel@example.com', 'https://example.com/samuel');
INSERT INTO tb_users (id, name, category, bio, contact_options, links)
VALUES (22, 'Tina Vasquez', 'Travel Writer', 'Bio of Tina Vasquez', 'tina@example.com', 'https://example.com/tina');
INSERT INTO tb_users (id, name, category, bio, contact_options, links)
VALUES (23, 'Uma White', 'Interior Designer', 'Bio of Uma White', 'uma@example.com', 'https://example.com/uma');
INSERT INTO tb_users (id, name, category, bio, contact_options, links)
VALUES (24, 'Victor Xiong', 'Tech Reviewer', 'Bio of Victor Xiong', 'victor@example.com', 'https://example.com/victor');
INSERT INTO tb_users (id, name, category, bio, contact_options, links)
VALUES (25, 'Wendy Young', 'Fitness Blogger', 'Bio of Wendy Young', 'wendy@example.com', 'https://example.com/wendy');
INSERT INTO tb_users (id, name, category, bio, contact_options, links)
VALUES (26, 'Xander Zane', 'Life Coach', 'Bio of Xander Zane', 'xander@example.com', 'https://example.com/xander');
INSERT INTO tb_users (id, name, category, bio, contact_options, links)
VALUES (27, 'Yara Andrews', 'Influencer', 'Bio of Yara Andrews', 'yara@example.com', 'https://example.com/yara');
INSERT INTO tb_users (id, name, category, bio, contact_options, links)
VALUES (28, 'Zoe Brown', 'Chef', 'Bio of Zoe Brown', 'zoe@example.com', 'https://example.com/zoe');

INSERT INTO social_media_account (id, user_id, platform, followers_count, following_count, posts_count)
VALUES (1, 1, 'Twitter', 1000, 150, 200);
INSERT INTO social_media_account (id, user_id, platform, followers_count, following_count, posts_count)
VALUES (2, 2, 'Instagram', 10000, 10, 186);
INSERT INTO social_media_account (id, user_id, platform, followers_count, following_count, posts_count)
VALUES (3, 2, 'Facebook', 100000, 0, 100);
INSERT INTO social_media_account (id, user_id, platform, followers_count, following_count, posts_count)
VALUES (4, 3, 'Twitter', 500, 200, 50);
INSERT INTO social_media_account (id, user_id, platform, followers_count, following_count, posts_count)
VALUES (5, 4, 'Instagram', 7500, 500, 80);
INSERT INTO social_media_account (id, user_id, platform, followers_count, following_count, posts_count)
VALUES (6, 5, 'Facebook', 2500, 150, 120);
INSERT INTO social_media_account (id, user_id, platform, followers_count, following_count, posts_count)
VALUES (7, 6, 'Twitter', 1200, 300, 60);
INSERT INTO social_media_account (id, user_id, platform, followers_count, following_count, posts_count)
VALUES (8, 7, 'Instagram', 8500, 400, 90);
INSERT INTO social_media_account (id, user_id, platform, followers_count, following_count, posts_count)
VALUES (9, 8, 'Facebook', 3100, 200, 140);
INSERT INTO social_media_account (id, user_id, platform, followers_count, following_count, posts_count)
VALUES (10, 9, 'Twitter', 900, 250, 70);
INSERT INTO social_media_account (id, user_id, platform, followers_count, following_count, posts_count)
VALUES (11, 10, 'Instagram', 15000, 1000, 110);
INSERT INTO social_media_account (id, user_id, platform, followers_count, following_count, posts_count)
VALUES (12, 11, 'Facebook', 4500, 300, 160);
INSERT INTO social_media_account (id, user_id, platform, followers_count, following_count, posts_count)
VALUES (13, 12, 'Twitter', 3000, 500, 130);
INSERT INTO social_media_account (id, user_id, platform, followers_count, following_count, posts_count)
VALUES (14, 13, 'Instagram', 10000, 800, 200);
INSERT INTO social_media_account (id, user_id, platform, followers_count, following_count, posts_count)
VALUES (15, 14, 'Facebook', 5000, 600, 170);


INSERT INTO analytics (id, social_account_id, reached_count, engaged_count, stories_count, follows_count, posts_count, save_count, comments_count, shares_count)
VALUES (1, 1, 500, 200, 50, 100, 200, 30, 50, 20);
INSERT INTO analytics (id, social_account_id, reached_count, engaged_count, stories_count, follows_count, posts_count, save_count, comments_count, shares_count)
VALUES (2, 2, 5000, 20000, 50, 1230, 200, 1123, 500, 20000);
INSERT INTO analytics (id, social_account_id, reached_count, engaged_count, stories_count, follows_count, posts_count, save_count, comments_count, shares_count)
VALUES (3, 3, 23456, 12345, 50, 1230, 200, 1123, 400, 343567);
INSERT INTO analytics (id, social_account_id, reached_count, engaged_count, stories_count, follows_count, posts_count, save_count, comments_count, shares_count)
VALUES (4, 4, 1000, 300, 60, 200, 50, 40, 60, 30);
INSERT INTO analytics (id, social_account_id, reached_count, engaged_count, stories_count, follows_count, posts_count, save_count, comments_count, shares_count)
VALUES (5, 5, 8000, 15000, 70, 500, 80, 100, 200, 5000);
INSERT INTO analytics (id, social_account_id, reached_count, engaged_count, stories_count, follows_count, posts_count, save_count, comments_count, shares_count)
VALUES (6, 6, 6000, 8000, 40, 300, 120, 80, 150, 7000);
INSERT INTO analytics (id, social_account_id, reached_count, engaged_count, stories_count, follows_count, posts_count, save_count, comments_count, shares_count)
VALUES (7, 7, 1500, 400, 30, 250, 60, 50, 70, 40);
INSERT INTO analytics (id, social_account_id, reached_count, engaged_count, stories_count, follows_count, posts_count, save_count, comments_count, shares_count)
VALUES (8, 8, 9000, 17000, 90, 600, 90, 110, 250, 8000);
INSERT INTO analytics (id, social_account_id, reached_count, engaged_count, stories_count, follows_count, posts_count, save_count, comments_count, shares_count)
VALUES (9, 9, 5000, 12000, 100, 400, 140, 90, 300, 6000);
INSERT INTO analytics (id, social_account_id, reached_count, engaged_count, stories_count, follows_count, posts_count, save_count, comments_count, shares_count)
VALUES (10, 10, 7000, 9000, 80, 500, 70, 100, 200, 7000);
INSERT INTO analytics (id, social_account_id, reached_count, engaged_count, stories_count, follows_count, posts_count, save_count, comments_count, shares_count)
VALUES (11, 11, 20000, 22000, 110, 1000, 110, 120, 400, 20000);
INSERT INTO analytics (id, social_account_id, reached_count, engaged_count, stories_count, follows_count, posts_count, save_count, comments_count, shares_count)
VALUES (12, 12, 6000, 7000, 120, 600, 160, 130, 250, 9000);
INSERT INTO analytics (id, social_account_id, reached_count, engaged_count, stories_count, follows_count, posts_count, save_count, comments_count, shares_count)
VALUES (13, 13, 3000, 4000, 130, 700, 130, 140, 300, 10000);
INSERT INTO analytics (id, social_account_id, reached_count, engaged_count, stories_count, follows_count, posts_count, save_count, comments_count, shares_count)
VALUES (14, 14, 10000, 15000, 140, 800, 200, 150, 350, 11000);
INSERT INTO analytics (id, social_account_id, reached_count, engaged_count, stories_count, follows_count, posts_count, save_count, comments_count, shares_count)
VALUES (15, 15, 25000, 27000, 150, 900, 170, 160, 450, 12000);
INSERT INTO analytics (id, social_account_id, reached_count, engaged_count, stories_count, follows_count, posts_count, save_count, comments_count, shares_count)
VALUES (16, 16, 5000, 8000, 160, 1000, 150, 170, 500, 13000);
INSERT INTO analytics (id, social_account_id, reached_count, engaged_count, stories_count, follows_count, posts_count, save_count, comments_count, shares_count)
VALUES (17, 17, 12000, 14000, 170, 1100, 180, 180, 550, 14000);
INSERT INTO analytics (id, social_account_id, reached_count, engaged_count, stories_count, follows_count, posts_count, save_count, comments_count, shares_count)
VALUES (18, 18, 8000, 9000, 180, 1200, 190, 190, 600, 15000);
INSERT INTO analytics (id, social_account_id, reached_count, engaged_count, stories_count, follows_count, posts_count, save_count, comments_count, shares_count)
VALUES (19, 19, 22000, 25000, 190, 1300, 140, 
